t,x,y,dist_to_target,qdot_norm
0,0.4870382249355316,-0.2725425958633423,0.6226775119239529,3.0369760990142822
1,0.470159113407135,-0.2654149830341339,0.6161380304113951,2.572359323501587
2,0.44886651635169983,-0.25642362236976624,0.6085755792742155,3.0160603523254395
3,0.4319370687007904,-0.24796020984649658,0.6018213755330281,2.834817886352539
4,0.42513149976730347,-0.24902606010437012,0.6036865957351635,2.7704272270202637
5,0.42215996980667114,-0.2523669898509979,0.6073755457555701,2.9926846027374268
6,0.4155590832233429,-0.258075475692749,0.6139104538254914,2.5906670093536377
7,0.41671881079673767,-0.26474788784980774,0.6203633731632965,2.8443570137023926
8,0.40613821148872375,-0.26408830285072327,0.6212201475484469,3.0622458457946777
9,0.40200188755989075,-0.26675888895988464,0.6244959165603221,3.117659330368042
10,0.40754252672195435,-0.27554604411125183,0.6323418618208878,3.1620988845825195
11,0.41051509976387024,-0.283357173204422,0.6396474409153534,3.1688644886016846
12,0.4142562448978424,-0.29197558760643005,0.647676338126301,3.1688644886016846
13,0.4045674204826355,-0.2918779253959656,0.6489334639947194,3.0297067165374756
14,0.4029479920864105,-0.2963063418865204,0.653552577914144,3.1688644886016846
15,0.4053560793399811,-0.3044104278087616,0.6612189289044637,3.1688644886016846
16,0.4088228642940521,-0.3133866488933563,0.6696231089928968,3.1688644886016846
17,0.41330036520957947,-0.323437362909317,0.6789953611086371,3.1688644886016846
18,0.4188956320285797,-0.3342142701148987,0.6890044105638493,3.1688644886016846
19,0.42572423815727234,-0.34542176127433777,0.6993770846697411,3.1688644886016846
20,0.43386149406433105,-0.3567679524421692,0.7098557826357185,3.1688644886016846
21,0.443331778049469,-0.3679722249507904,0.7202051059392228,3.1688644886016846
22,0.43672582507133484,-0.3702949285507202,0.723068735821295,3.08894681930542
23,0.44185295701026917,-0.3749646246433258,0.727292772513543,3.1688644886016846
24,0.4545418322086334,-0.3832874298095703,0.7346951007011046,3.060840606689453
25,0.4523729979991913,-0.38340047001838684,0.7349452850382543,2.973130464553833
26,0.44650599360466003,-0.3794526755809784,0.7314115161362441,2.978025436401367
27,0.4546317756175995,-0.3799792230129242,0.731387676346911,3.060840606689453
28,0.4682334363460541,-0.38470688462257385,0.7353933043751484,3.0116982460021973
29,0.4739636182785034,-0.38524869084358215,0.7357095362950663,2.6546478271484375
30,0.4686695635318756,-0.37984561920166016,0.7305177721429508,2.8770158290863037
31,0.45658740401268005,-0.3697741627693176,0.7210821661227338,2.978025436401367
32,0.4416933059692383,-0.35745543241500854,0.7098541054250357,2.9722862243652344
33,0.4379997253417969,-0.35244154930114746,0.7051724298840201,3.1688644886016846
34,0.443599134683609,-0.35178622603416443,0.7040489729370886,3.060840606689453
35,0.4351760447025299,-0.34500181674957275,0.6980183824087642,2.8835296630859375
36,0.43503236770629883,-0.34080150723457336,0.693849772939656,3.1688644886016846
37,0.42551490664482117,-0.33542293310165405,0.6894582062626611,2.805515766143799
38,0.42721185088157654,-0.3315591514110565,0.6854348863308806,2.9985170364379883
39,0.434613436460495,-0.3337853252887726,0.6869044807106895,3.1620988845825195
40,0.44031885266304016,-0.33513712882995605,0.6877315729856677,3.1688644886016846
41,0.4445415139198303,-0.3417190909385681,0.6939387121362011,2.9846720695495605
42,0.45301583409309387,-0.3434136211872101,0.6950035637518651,3.1688644886016846
43,0.4627755582332611,-0.3469657897949219,0.6979591412832308,3.1688644886016846
44,0.4737667441368103,-0.35102400183677673,0.7015146659247941,3.1688644886016846
45,0.48922061920166016,-0.35619592666625977,0.7062781841964975,3.1620988845825195
46,0.5029094815254211,-0.36039474606513977,0.7104006980930804,3.1330320835113525
47,0.5187948942184448,-0.3634057343006134,0.7136532640415939,3.1152589321136475
48,0.5322495102882385,-0.36501482129096985,0.7157417251047671,3.1688644886016846
49,0.5486960411071777,-0.3647914528846741,0.7164482654145498,3.1620988845825195
50,0.5649115443229675,-0.3640645742416382,0.7170088676306392,3.138695478439331
51,0.5819190144538879,-0.3610251843929291,0.7157286701635016,3.1620988845825195
52,0.5992187857627869,-0.3543277084827423,0.7112818569235069,3.060840606689453
53,0.6124975085258484,-0.35150593519210815,0.7104690409663712,2.6462647914886475
54,0.6232606768608093,-0.34100618958473206,0.7019136273553604,2.5001449584960938
55,0.6276227235794067,-0.3407168984413147,0.7024082752446956,2.7627594470977783
56,0.6167181134223938,-0.34162914752960205,0.7014085738487553,2.892286777496338
57,0.6158963441848755,-0.33019229769706726,0.6899953016748092,3.033414125442505
58,0.6113901734352112,-0.3267056941986084,0.6858121894744846,2.5528383255004883
59,0.6117131114006042,-0.316687673330307,0.675982444359205,2.888385772705078
60,0.60536128282547,-0.3078080713748932,0.6661925028420104,2.960789680480957
61,0.598852813243866,-0.30185115337371826,0.6593040247641464,2.7627594470977783
62,0.5955187678337097,-0.2938697338104248,0.65091632446118,2.7627594470977783
63,0.5945969820022583,-0.2873988449573517,0.6443802208002006,2.7627594470977783
64,0.5962109565734863,-0.2830210328102112,0.6402906907012572,2.7627594470977783
65,0.6001188158988953,-0.2814145088195801,0.6393027856327712,2.7627594470977783
66,0.6058833599090576,-0.282938688993454,0.6417341056739669,2.7627594470977783
67,0.6130037307739258,-0.2867644429206848,0.6467138403854461,2.7627594470977783
68,0.6210616827011108,-0.2919671833515167,0.6532823186539333,2.7627594470977783
69,0.6296342015266418,-0.29799938201904297,0.660839025465171,2.7627594470977783
70,0.6332395076751709,-0.3035695254802704,0.6670126559900283,2.770500659942627
71,0.6409151554107666,-0.3103422224521637,0.6752102812499308,2.7627594470977783
72,0.648750901222229,-0.31847625970840454,0.6848264980557526,2.7627594470977783
73,0.6564556360244751,-0.32738789916038513,0.6952213488506018,2.7627594470977783
74,0.664043664932251,-0.33708319067955017,0.7063948093864548,2.7627594470977783
75,0.6715224981307983,-0.34744104743003845,0.7182227883402154,2.7627594470977783
76,0.6795744299888611,-0.35727348923683167,0.7297141605119843,2.6462647914886475
77,0.6866962313652039,-0.3683620095252991,0.742226010708095,2.7627594470977783
78,0.6937845945358276,-0.37985527515411377,0.7551431540106481,2.7627594470977783
79,0.6955853700637817,-0.39157384634017944,0.7669324596850139,2.770500659942627
80,0.7013880014419556,-0.40288758277893066,0.7793566773001736,2.7627594470977783
81,0.6938349008560181,-0.4169352650642395,0.7910509847326131,2.6787242889404297
82,0.6929792165756226,-0.42141324281692505,0.7951851105418806,2.844249963760376
83,0.6928354501724243,-0.43134617805480957,0.8047902531030601,2.7627594470977783
84,0.6982102394104004,-0.44124656915664673,0.8156950550155972,2.6462647914886475
85,0.6945425271987915,-0.4540053904056549,0.8272070194973874,2.550020933151245
86,0.6921301484107971,-0.45661357045173645,0.829179978261457,2.8523943424224854
87,0.6848371624946594,-0.4645898938179016,0.8352972297563719,2.40936017036438
88,0.6820977330207825,-0.4700823128223419,0.8400562923990312,2.645359992980957
89,0.6840895414352417,-0.47608593106269836,0.8463491684392743,2.869722843170166
90,0.6840416789054871,-0.4734821617603302,0.8437974878459551,3.060840606689453
91,0.6833810806274414,-0.47528672218322754,0.8454151552378509,2.9708251953125
92,0.6781720519065857,-0.475229948759079,0.8442450702088865,2.978025436401367
93,0.6780278086662292,-0.47201186418533325,0.8410691979384344,2.7218384742736816
94,0.675444483757019,-0.47005563974380493,0.8386131464391452,2.978025436401367
95,0.6787009239196777,-0.45827150344848633,0.8277903320655997,3.060840606689453
96,0.677564263343811,-0.4565976858139038,0.8259109423913583,2.907470464706421
97,0.6754291653633118,-0.44951170682907104,0.8185318270451555,2.978025436401367
98,0.6738340854644775,-0.44116681814193726,0.8100390200272238,2.978025436401367
99,0.672903299331665,-0.4330720603466034,0.8019335342036168,2.978025436401367
100,0.6787593364715576,-0.4233514964580536,0.7937426712925255,3.060840606689453
101,0.6862905621528625,-0.4168003797531128,0.7891051810726976,2.8523943424224854
102,0.6968277096748352,-0.4085785448551178,0.7836979947450345,2.8448758125305176
103,0.709324061870575,-0.4065555930137634,0.7849795660904544,2.6462647914886475
104,0.7147508859634399,-0.39487555623054504,0.7752145047741545,2.8523943424224854
105,0.7237067818641663,-0.3936796486377716,0.776597794990862,2.550020933151245
106,0.7350833415985107,-0.38451099395751953,0.7712136986500772,2.6381590366363525
107,0.748786211013794,-0.3780113160610199,0.7693471559867672,2.6381590366363525
108,0.7575103044509888,-0.37172114849090576,0.7662851717695485,2.6462647914886475
109,0.7637149691581726,-0.36554160714149475,0.7625912194477514,2.6462647914886475
110,0.767989456653595,-0.3652610182762146,0.7638171670082053,2.6787242889404297
111,0.7766982316970825,-0.3572642505168915,0.7594633783483347,2.5416085720062256
112,0.7821030616760254,-0.3512571156024933,0.75587278772984,2.6462647914886475
113,0.788087010383606,-0.34431490302085876,0.751709586098082,2.6462647914886475
114,0.7939357161521912,-0.3371960520744324,0.747419969645294,2.770500659942627
115,0.7967344522476196,-0.3322826325893402,0.7440167456114766,2.374844551086426
116,0.8036589026451111,-0.31891345977783203,0.7346114196318436,2.770500659942627
117,0.8131369352340698,-0.30549606680870056,0.7264501538270471,2.7627594470977783
118,0.8238503336906433,-0.28846511244773865,0.7159027383893342,2.7627594470977783
119,0.833423912525177,-0.26785510778427124,0.7020800754139827,2.770500659942627
120,0.844370424747467,-0.24509771168231964,0.6875552841744194,2.7627594470977783
121,0.8548206686973572,-0.2256491780281067,0.6762171812642752,2.7627594470977783
122,0.8609115481376648,-0.20912666618824005,0.6654921244887818,2.770500659942627
123,0.8633849024772644,-0.19460496306419373,0.6547084440041733,2.770500659942627
124,0.8658220171928406,-0.1806916892528534,0.6445614097809054,2.7627594470977783
125,0.8652886748313904,-0.1685677319765091,0.634309311318638,2.770500659942627
126,0.8609511256217957,-0.15807831287384033,0.6232409494277505,2.770500659942627
127,0.857181966304779,-0.14814139902591705,0.612963134730416,2.7627594470977783
128,0.8531655669212341,-0.13925574719905853,0.6034045889730395,2.7627594470977783
129,0.8506985902786255,-0.132488414645195,0.5964767939648103,2.7627594470977783
130,0.8520416617393494,-0.127804696559906,0.5934902307191169,2.7627594470977783
131,0.8513898849487305,-0.12374014407396317,0.5898343578531848,2.7627594470977783
132,0.8507140874862671,-0.12018568813800812,0.5865790201550743,2.7627594470977783
133,0.849684476852417,-0.11710375547409058,0.5834939127028121,2.7627594470977783
134,0.8482475280761719,-0.11453293263912201,0.5805748709510282,2.7627594470977783
135,0.8463533520698547,-0.11244160681962967,0.5777654183967852,2.7627594470977783
136,0.8439382910728455,-0.11085904389619827,0.5750518245455443,2.7627594470977783
137,0.8410259485244751,-0.10981972515583038,0.5724795819310267,2.7627594470977783
138,0.8373609781265259,-0.10922474414110184,0.5698243498829804,2.7627594470977783
139,0.8331694602966309,-0.10900286585092545,0.5671732668788,2.7627594470977783
140,0.8280858993530273,-0.10915765911340714,0.5643280143703685,2.7627594470977783
141,0.8219949007034302,-0.10968589782714844,0.5612413342406994,2.7627594470977783
142,0.8145239353179932,-0.11051997542381287,0.5576772795824126,2.7627594470977783
143,0.8055554628372192,-0.11161299049854279,0.5535798843561961,2.7627594470977783
144,0.7950496673583984,-0.11296796798706055,0.548993296927532,2.7627594470977783
145,0.7825148701667786,-0.1145029217004776,0.5436704981846315,2.7627594470977783
146,0.7628594636917114,-0.11655014008283615,0.535503618383571,2.7627594470977783
147,0.7287978529930115,-0.12169965356588364,0.5242604458523342,2.7627594470977783
148,0.6981369256973267,-0.1300380975008011,0.5193214906534068,2.7627594470977783
149,0.664138674736023,-0.1422572135925293,0.5189014000846555,2.7627594470977783
150,0.641210675239563,-0.16058185696601868,0.5297492627440564,2.7627594470977783
151,0.6287750601768494,-0.1843194216489792,0.549618280359439,2.7627594470977783
152,0.613366961479187,-0.20626235008239746,0.5676969820626593,2.7627594470977783
153,0.5958230495452881,-0.22528943419456482,0.583215211617527,2.7627594470977783
154,0.5797112584114075,-0.24175651371479034,0.597101037670448,2.7627594470977783
155,0.5701730251312256,-0.26157665252685547,0.6155893502014634,2.7627594470977783
156,0.5596054792404175,-0.27923476696014404,0.6320515782796556,2.7627594470977783
157,0.5493901371955872,-0.3000514507293701,0.6519250466873784,2.7627594470977783
158,0.5381972789764404,-0.32410693168640137,0.675188254809633,2.7627594470977783
159,0.5290056467056274,-0.3480449914932251,0.6986473569464381,2.7627594470977783
160,0.5226942896842957,-0.3708358705043793,0.721193021594807,2.7627594470977783
161,0.5184382796287537,-0.39333367347717285,0.7435623117261313,2.7627594470977783
162,0.5154958367347717,-0.4160495698451996,0.7662062746311228,2.7627594470977783
163,0.5134177207946777,-0.43917062878608704,0.789284680683912,2.7627594470977783
164,0.5119742155075073,-0.46267807483673096,0.8127662797320506,2.7627594470977783
165,0.5110812187194824,-0.4864300787448883,0.8365034728358667,2.7627594470977783
166,0.5101025700569153,-0.5073383450508118,0.8573978595704274,2.6462647914886475
167,0.5057172179222107,-0.5202400088310242,0.8702587828783585,2.8523943424224854
168,0.4977230429649353,-0.543262779712677,0.8932656757677617,2.550020933151245
169,0.49857014417648315,-0.5526629090309143,0.9026640355454782,2.8523943424224854
170,0.4968559145927429,-0.5689838528633118,0.9189892252586012,2.763339042663574
171,0.5033072829246521,-0.5773886442184448,0.9273945355081271,2.8523943424224854
172,0.5129253268241882,-0.5905755758285522,0.9406643751658665,2.8448758125305176
173,0.5138286352157593,-0.6040030121803284,0.9541032266104482,2.763339042663574
174,0.5183037519454956,-0.6118090748786926,0.9619832183508354,2.978025436401367
175,0.5244060158729553,-0.6189419627189636,0.969249281236659,2.755577802658081
176,0.5242895483970642,-0.6253429055213928,0.9756453012674496,2.978025436401367
177,0.5254574418067932,-0.6300152540206909,0.9803458409020224,2.9156947135925293
178,0.5244235992431641,-0.6337357759475708,0.9840389104868342,2.978025436401367
179,0.5232311487197876,-0.6362811326980591,0.9865546853720882,2.978025436401367
180,0.5219042897224426,-0.6379886865615845,0.9882314662588855,2.978025436401367
181,0.5265215635299683,-0.6344484686851501,0.9848056504169089,2.8472352027893066
182,0.526217520236969,-0.6384779810905457,0.9888255992259916,2.978025436401367
183,0.5303193926811218,-0.6380388736724854,0.9885039553194536,2.978025436401367
184,0.5345389246940613,-0.6366796493530273,0.9872839794123558,2.978025436401367
185,0.5387710332870483,-0.6344159841537476,0.9851791771776258,2.978025436401367
186,0.5429723858833313,-0.6312685608863831,0.9822090423300461,2.978025436401367
187,0.5471748113632202,-0.627250611782074,0.9783885779207862,2.978025436401367
188,0.5514398217201233,-0.6223656535148621,0.9737253246180264,2.978025436401367
189,0.555903971195221,-0.6166183948516846,0.9682336307617362,2.978025436401367
190,0.5610367059707642,-0.6105490326881409,0.9624863179408047,2.9233930110931396
191,0.5643136501312256,-0.6043135523796082,0.9564782226858513,2.978025436401367
192,0.567047119140625,-0.5973921418190002,0.9497616412930433,2.978025436401367
193,0.5693368911743164,-0.5900667309761047,0.9426203116628404,2.978025436401367
194,0.5713788270950317,-0.5822129845619202,0.934941695738542,2.978025436401367
195,0.5733363628387451,-0.5737699866294861,0.9266764264292368,2.978025436401367
196,0.5753409266471863,-0.5647088885307312,0.9178064039224191,2.978025436401367
197,0.5774766206741333,-0.555030882358551,0.9083410780015247,2.978025436401367
198,0.5798142552375793,-0.5447227358818054,0.8982756140389353,2.978025436401367
199,0.582409143447876,-0.5337992906570435,0.8876330562535384,2.978025436401367
